"","screenName","retweetCount","text","duplicated","Type"
"1","SenSanders",4097,"If someone in America works 40 hours a week, that person should not be living in poverty. #Fightfor15",FALSE,"2"
"2","BernieSanders",3981,"I stand with the workers across the country who are demanding $15 an hour and a union. Keep fighting, sisters and brothers. #FightFor15",FALSE,NA
"3","SenSanders",1821,"Change always happens when millions of people demand it. When the American people stand up and fight, they win. #Fightfor15",FALSE,"2"
"4","SenGillibrand",1765,"I stand with workers calling for a $15/hour minimum wage. No one working full time in the U.S. should have to live in poverty. #fightfor15",FALSE,NA
"5","EconomicPolicy",1459,"If the minimum wage had kept up with economic growth, it would be $18.85 today. #Fightfor15 https://t.co/ipkHAcFnGB https://t.co/tUfiLGfUcX",FALSE,"1"
"6","SenSanders",1387,"In the year 2016, a job has got to lift workers out of poverty, not keep them in it. #FightFor15",FALSE,"2"
"7","SenWarren",1377,"Building economic security starts by raising the min wage to $15/hr &amp; making sure every worker has the right to join a union. #fightfor15",FALSE,"2"
"8","SenWarren",1354,"No one who works full time should live in poverty. Not fast food workers, Uber drivers, or hardworking folks at @BostonLogan. #Fightfor15",FALSE,"2"
"9","RevDrBarber",1275,"""As followers of Christ, how can we not stand with the poor?""

#Fightfor15 https://t.co/AljAqlWTXJ",FALSE,"5"
"10","fightfor15",1154,"83-year old McDoanld's worker Jose Carillo on his 12th strike gets arrested #Fightfor15 https://t.co/Rr17BuznKX",FALSE,"6"
"11","DerrickQLewis",1147,"#Durham police have arrested NAACP NC President Rev. William Barber II #Fightfor15 https://t.co/lPN0KRpOHz",FALSE,"3"
"12","Kaimandante",1129,"Fast food companies have planned on using kiosks for over a decade but they'll tell u it's because of the‚Ä¶ https://t.co/WoQ44dR2oy",FALSE,"4"
"13","EconomicPolicy",942,"Low-wage workers are not who you think. #Fightfor15 https://t.co/15ayi1IBib https://t.co/TTX6QuMdK0",FALSE,"1"
"14","fightfor15",933,"BREAKING: Workers getting arrested RIGHT NOW in New York City for peacefully protesting in front of McDonald's‚Ä¶ https://t.co/n34N7OG83f",FALSE,"6"
"15","SenWarren",756,"I‚Äôm proud to #Fightfor15 alongside workers in Massachusetts &amp; nationwide. #povertydoesntfly https://t.co/zPWmk3aTF3",FALSE,"2"
"16","jwjnational",749,"There are no states where you can you afford rent while working full time on minimum wage. https://t.co/ecqlcUbYsi‚Ä¶ https://t.co/gst2SeSgg2",FALSE,"1"
"17","TheMarkRomano",702,"If you dress like this, you should not be surprised that you don't make $15/hr

#Fightfor15 https://t.co/I0dyuPU1Vh",FALSE,"5"
"18","LeahRBoss",699,"No.

You're not getting $15 an hour for putting my cheese halfway on my burger and forgetting to put a straw in the bag.

Nope.  #Fightfor15",FALSE,"5"
"19","MarkRuffalo",677,"4 years. 22 million raises worth $62 Billion. 1 struggle. #FightFor15 Won't Back Down.",FALSE,"5"
"20","scrowder",651,"For you #FightFor15 numbskulls https://t.co/63ZCcO4rsc",FALSE,"5"
"21","TheMarkRomano",624,"Liberals support open borders and illegal immigration which drives down wages, then complain about low wages. #Fightfor15

Geniuses!",FALSE,"5"
"22","Fightfor15LA",603,"This is how we fight.

This is how we win

We. Won't. Back. Down. #fightfor15 https://t.co/uFkLQAFKML",FALSE,"6"
"23","RaiseUpfor15",561,"BREAKING: @RevDrBarber arrested while standing alongside striking workers in Durham, NC demanding justice, living w‚Ä¶ https://t.co/nlwHsas1kZ",FALSE,"6"
"24","KamalaHarris",551,"It‚Äôs abysmal that the federal minimum wage is $7.25 an hour. You can‚Äôt live off that. It‚Äôs time for a $15 minimum wage. #FightFor15",FALSE,"2"
"25","fightfor15",541,"Hundreds of arrests in hundreds of cities so far today. We won't back down. We won't back up. Tune-In:‚Ä¶ https://t.co/DX5FVFJjpb",FALSE,"6"
"26","chifightfor15",507,"""Nobody's free until everybody's  free"" #Fightfor15 https://t.co/Yi1jFUiHa8",FALSE,"6"
"27","RoseAnnDeMoro",500,"Workers fighting for $15 min. wage are arrested.
FACT: 89% of low wage workers are 20 years or older, more half are‚Ä¶ https://t.co/2YEeavY1zk",FALSE,"5"
"28","larryelder",486,"""Thanks To #fightfor15 Min Wage, McDonald's Unveils Job-Replacing Self-Service Kiosks Nationwide""
https://t.co/XqZ81327uV
#Idiots",FALSE,"5"
"29","RaiseUpfor15",472,"Dozens of riot cops have arrived on the scene in Durham, NC but we will not be moved #Fightfor15 https://t.co/ZQ7Bai1szG",FALSE,"6"
"30","ChrisJZullo",453,"You can't reduce dependence on government services when you protect corporations ability to pay low wages #FightFor15 #RaiseTheWage",FALSE,"5"
"31","UR_Ninja",445,"We're #LIVE in #Minneapolis covering Fast Food Workers Strike for $15/hr livable wage 20+ Risking Arrest‚Ä¶ https://t.co/NDHrX88E8v",FALSE,"6"
"32","chifightfor15",433,"We are on strike because if you work for multi-billion companies you shouldn't be living in poverty #Fightfor15 https://t.co/NyGUQyKQd3",FALSE,"6"
"33","ImAndrewMarcus",407,"Wow! @FoxBusiness @JeffFlock just WENT OFF on white @SEIU operative for telling black protester she wasn't allowed‚Ä¶ https://t.co/Z88o2RTake",FALSE,NA
"34","KamalaHarris",380,"Our current federal minimum wage would earn you less than $15,000 a year ‚Äî that‚Äôs very close to the poverty line. We need to #FightFor15.",FALSE,"2"
"35","RepBarbaraLee",373,"There isn‚Äôt a single state where minimum wage workers earning $7.25 an hour can afford to rent an apartment. We need to #FightFor15!",FALSE,NA
"36","michellemalkin",312,"Be careful what you wish for #Fightfor15 
Minimum wage hikes raising cost of child care==&gt; https://t.co/Y0Ohuw4G46",FALSE,"5"
"37","RepBarbaraLee",310,"In the richest nation on earth, it‚Äôs a disgrace that parents working full time are forced to raise their families in #poverty. #FightFor15",FALSE,NA
"38","DerenicByrd",306,"#Fightfor15 We have the worst income inequality in this country in 100 years https://t.co/xEjtHBBdgO",FALSE,"4"
"39","PoliticsGhost",296,"True Capitalist Radio LIVE
.

.
https://t.co/5hGj1aKvqz
.

.
#Trump2016 #In2017IPredict #Podcast #GivingTuesday #Politics #FightFor15 #RT",FALSE,NA
"40","1alyssakang",296,"Dozens of workers arrested in Oakland this morning as part of a national strike for #fightfor15, justice and a unio‚Ä¶ https://t.co/Y9m38Tn2tD",FALSE,"4"
"41","ajplus",284,"This billionaire is all about the #Fightfor15:

https://t.co/5ume4RZuhG",FALSE,"3"
"42","chifightfor15",282,"Incredible show of #Chicago worker power at O'Hare airport. Hundreds on strike. Thousands in #solidarity.‚Ä¶ https://t.co/IBXQ3yMSJG",FALSE,"6"
"43","RoseAnnDeMoro",274,"#FightFor15 in Tampa, FL: Police arrest fast food workers, childcare workers, and clergy. Nurses turnout in solidar‚Ä¶ https://t.co/igVJkvmZ4g",FALSE,"5"
"44","chifightfor15",274,"""If I have to I'm going to keep getting arrested until we win"" Mary Hood, McDs #Fightfor15 https://t.co/Qm3KPrFVG2",FALSE,"6"
"45","LawlessPirate",265,"I went to one #FightFor15 rally here in Richmond just to see it first hand, and this was what I saw..... https://t.co/gnxPDXxfIq",FALSE,"5"
"46","fightfor15",263,"Today we hit the streets. Today we risk arrest in our unrelenting fight for economic justice. Today we write histor‚Ä¶ https://t.co/AGQ0y3yzsX",FALSE,"6"
"47","TheFoundingSon",261,"The MSM turned a blind eye to veterans protesting at Hampshire College that stopped flying US flags but wouldn't sh‚Ä¶ https://t.co/EQliZeMsNk",FALSE,NA
"48","Marc_Perrone",250,"""It is easier to build Strong Children

than to repair Broken Men.""

Fredrick Douglass

#p2 #1u #FightFor15‚Ä¶ https://t.co/dnya43h7XD",FALSE,"1"
"49","LeahRBoss",230,"You're not fighting

You're begging for something you haven't earned &amp; don't deserve.

You knew your pay when you took the job

 #Fightfor15",FALSE,"5"
"50","LibsNoFun",229,"Here are your new Cashiers  #Fightfor15 https://t.co/vJHXFVZn6W",FALSE,"5"
"51","LaborSec",227,"Workers do better when they can raise their voices together. It‚Äôs energizing to see workers organizing for higher wages in their #FightFor15",FALSE,NA
"52","ChrisJZullo",226,"When working full time at federal minimum wage pays $250 a week there are a problem with wages, not workers #FightFor15 #RaiseTheWage",FALSE,"5"
"53","fightfor15mass",222,"BREAKING: Boston Fast food &amp; Airport are on strike! We're not backing down! #Fightfor15 https://t.co/Z98ExAPkeM",FALSE,"6"
"54","zachhaller",216,"Reminder

Poverty isn't an accident

It's deliberate, like apartheid, slavery

Wealth exists here. It's not fairly distributed

#fightfor15",FALSE,"5"
"55","GatorsEite23",211,"This morning in Miami. Pics via @Tomaskenn: Fast food workers fighting for $15 an hour! #FightFor15 @seiufl‚Ä¶ https://t.co/L36KhmmnHl",FALSE,"4"
"56","AbbyMartin",209,"Fast food workers are grossly underpaid, earning on average $18,000 per year or $8.93 cents per hour. I support the #Fightfor15 @Fightfor15",FALSE,NA
"57","AFLCIO",209,"We stand with #FightFor15 and #PovertyDoesntFly workers who are striking today for fair wages and a better life. https://t.co/VZiy9Ntk9X",FALSE,"1"
"58","FreeDavidKing",206,"Twitter removed this shirt at least 80 times this month. Share the hell out of it please.

Buy:‚Ä¶ https://t.co/t9SRHyvb41",FALSE,NA
"59","Show_Me15",190,"This is what it looks like when we fight back. This is what a day of disruption looks like. ‚úä #Fightfor15 https://t.co/ovM3Y3Yjpd",FALSE,"6"
"60","_ThatGuyT",189,"Working 40 hours doesn't entitle you to $15

Having kids doesn't entitle you to $15

Learn skills then you can NEGOTIATE for $15 #Fightfor15",FALSE,NA
"61","Marc_Perrone",185,"This #Boss,

Knows Working People &amp; the Benefits of Working #Union!

Thanks Bruce #Springsteen.

#1u #SundayMorning‚Ä¶ https://t.co/lM1NBxM5IU",FALSE,"1"
"62","NicholsUprising",178,"The #Fightfor15 declares ""We Won't Back Down!"" In cities across the United States, workers strike today for living‚Ä¶ https://t.co/oK5onNYW4x",FALSE,"5"
"63","Fightfor15LA",174,"Tomorrow we'll be on strike, and we'll be disrupting more than our workplaces. Pass it on: https://t.co/AmZu2trB12‚Ä¶ https://t.co/fhTjaMea77",FALSE,"6"
"64","Show_Me15",173,"The Memphis #FightFor15 strike is beautiful and powerful and a reminder that we won't back down! https://t.co/nSkjfN7arb",FALSE,"6"
"65","Latinos4Bernie",171,"BREAKING: Workers on STRIKE. Arrests happening now across the country. Follow #FightFor15 + https://t.co/OO82x5dggS‚Ä¶ https://t.co/kAPA380h3e",FALSE,"1"
"66","chifightfor15",170,"Breaking: These are the hundreds of #Chicago O'Hare airport workers that are ON STRIKE with the #Fightfor15‚Ä¶ https://t.co/DbY1ROii6a",FALSE,"6"
"67","RoseAnnDeMoro",166,"Thousands of low wage workers are taking action today to demand a livable wage and the right to organize!‚Ä¶ https://t.co/cdvSGW5EAp",FALSE,"5"
"68","chifightfor15",165,"""We are not going to back down until we win $15 &amp; union rights. We don't want to just survive, we want to thrive""‚Ä¶ https://t.co/3ZW3QLIXRx",FALSE,"6"
"69","chifightfor15",162,"""I got arrested because I'm tired of living paycheck to paycheck"" Doris Evans, McDs worker #Fightfor15 https://t.co/QgXK1HuX63",FALSE,"6"
"70","People4Bernie",160,"Tuesday, be the resistance: https://t.co/rjFVW3uJsx 

Get involved online: https://t.co/0Ywiz5BsSZ #FightFor15 https://t.co/2AcYkPa8Od",FALSE,"6"
"71","scrowder",157,"Surprise =&gt; #FightFor15 Backfires Majorly: Wage Hikes Cause Mass Job Loss... https://t.co/rKwWXazh3C https://t.co/iIr42ds4st",FALSE,"5"
"72","chifightfor15",152,"Tomorrow we are on strike! We are women, we are parents, students, and hard workers. We deserve more. #FightFor15 https://t.co/tjGWKMjYt7",FALSE,"6"
"73","fightfor15",152,"McDonald's PR VS Reality. Ì†ΩÌ±Ä #FightFor15 https://t.co/SjCzWQuSup",FALSE,"6"
"74","JoshClarkDavis",151,"""As a follower of Christ, how can I not stand with the poor?""

@RevDrBarber of @ncnaacp stands up for what's right‚Ä¶ https://t.co/QUCuIal710",FALSE,NA
"75","chifightfor15",150,"BREAKING: Chicago fast food &amp; airport workers are ON STRIKE because we won't back down until we win #Fightfor15 https://t.co/SVc3b7mBlI",FALSE,"6"
"76","chifightfor15",148,"The majority of us are Black and Latina women raising families and communities and seeking a more just society‚Ä¶ https://t.co/YIbBCkBDKn",FALSE,"6"
"77","MisterMetokur",146,"""My name is burgerbot and I will never fuck up your order.""  Coming soon.

#Fightfor15 https://t.co/E7Fkjj9P8B",FALSE,"5"
"78","ChrisMurphyCT",145,"I support the #Fightfor15 because employees shouldn't be living in poverty while the companies they work for make billions in profit.",FALSE,"2"
"79","AriseChicago",145,"Massive banner drop at the #Fightfor15 strike in Chicago! https://t.co/jXg8vvQkYO",FALSE,"1"
"80","chifightfor15",144,"Ain't no power like the power of the people 'cause the power of the people don't stop! #Fightfor15 https://t.co/mRpKaPhsQA",FALSE,"6"
"81","JessLivMo",143,"Paying workers $15 an hour for honest work means we will pay $0.17 more per Big Mac. Put me down for two!  #fightfor15",FALSE,"4"
"82","TheNewThinker",142,"15 and a union!!! New Orleans #Fightfor15 https://t.co/YYhzt3gwcQ",FALSE,"5"
"83","NCFaculty",139,"Happening now: Rev Barber getting arrested alongside faculty and grad workers for $15 and a union! #Fightfor15 https://t.co/qgvHMkiSLt",FALSE,"1"
"84","FightFor15FL",139,"Good Morning! 

Tampa Bay is on STRIKE! 

#Fightfor15 https://t.co/AwNS8a88cg",FALSE,"6"
"85","Tim_Canova",132,"Joined with airport, fast food &amp; child care workers for #FightFor15 action at Ft. Lauderdale airport &amp; similar acti‚Ä¶ https://t.co/MojuagEBWB",FALSE,"5"
"86","RaiseUpfor15",132,"Face to face with riot police in Durham, NC but we won't back down. We stand on the shoulders of the Civil Rights M‚Ä¶ https://t.co/iIUoREOc7O",FALSE,"6"
"87","Complex",132,"Thousands of workers across the country strike for $15 minimum wage: https://t.co/Zk2QM5Snog

#FightFor15 https://t.co/H68OXbqjpH",FALSE,"3"
"88","figue32bj",130,"We won't back down! Best is yet to come if we have organization &amp; the courage to fight until we ALL win! #Fightfor15 https://t.co/wdMJl2unCr",FALSE,"4"
"89","chifightfor15",129,"Today we also stood in #solidarity with #NoDAPL because $15 is nothing without water Ì†ΩÌ≤ß#Fightfor15 https://t.co/H9GuLvkTad",FALSE,"6"
"90","Marc_Perrone",127,"Time to Go #OldSchool,

Sisters &amp; Brothers...

Ì†ΩÌ≥¢

#WednesdayWisdom #1u #FightFor15 #RaiseTheWage https://t.co/lc6z1y0MNE",FALSE,"1"
"91","Fightfor15LA",126,"These are the workers who took arrest. Many more couldn't take the risk. We'll continue to do whatever it takes to‚Ä¶ https://t.co/DUcb4WUZhZ",FALSE,"6"
"92","BenSpielberg",126,"Today's the day that workers in the #FightFor15 will be striking around the country. Why they deserve your support: https://t.co/7ereEuY1F4",FALSE,"4"
"93","caroljsroth",125,"Be careful what you wish for... #Fightfor15 https://t.co/AS0EiuajEJ",FALSE,"5"
"94","SenSherrodBrown",124,"Standing with all workers today as they #Fightfor15 on @SEIU Day of Action. Our workers deserve a raise, a living wage, and a union.",FALSE,"2"
"95","fightfor15",122,"Breaking: Last two folk arrested last night at the #fightfor15 action in Las Vegas just released! Everyone is now o‚Ä¶ https://t.co/axnZ98iMjy",FALSE,"6"
"96","ryanstopera",121,"Minneapolis resists Trump and poverty wages #Fightfor15 https://t.co/5vU0nWssk4",FALSE,"4"
"97","TheNewDeal",121,"$7.25 is a slave wage in 2016.

#FightFor15",FALSE,"5"
"98","LawlessPirate",120,"#ItReallyOffendsMeWhen I see people seriously protesting for the #FightFor15 https://t.co/H73e64DCN2",FALSE,"5"
"99","larryelder",119,"How is McDonald's adjusting to the dumbass #fightfor15?

https://t.co/dhj42JbzBr https://t.co/M9ISk0F4TW",FALSE,"5"
"100","Marc_Perrone",119,"While we Fight for Justice

Trump dreams of a day when he can Jail or Deport those who express themselves or disagr‚Ä¶ https://t.co/Vy6eWpNPY5",FALSE,"1"
"101","fightfor15",117,"Tomorrow is the DAY OF DISRUPTION. Join us in the streets and online. Follow #FightFor15 and join the Thunderclap:‚Ä¶ https://t.co/22q4kLsLtc",FALSE,"6"
"102","FightFor15FL",116,"Fast food, childcare workers adjuncts, and clergy just took arrests in Tampa to stand up for a better future for AL‚Ä¶ https://t.co/igaHt5s09i",FALSE,"6"
"103","MattWalshBlog",116,"Best way to #Fightfor15? Get a better job",FALSE,"5"
"104","fightfor15",116,"Mood outside of McDonald's right now. Everyone linking arms in solidarity as dozens get arrested for civil disobedi‚Ä¶ https://t.co/7XAyRYlhcK",FALSE,"6"
"105","DemSocialists",113,"We #FightFor15 because ""if you wait for the boss to raise your pay,
We'll all be a-waitin' 'til Judgment Day"" ‚ÄîPete Seeger, ""Talking Union""",FALSE,"1"
"106","KamalaHarris",111,"Although the national day of action for the #FightFor15 may be over, our fight for a living wage continues each and‚Ä¶ https://t.co/6J2yEz931o",FALSE,"2"
"107","itsRamel",111,"""The current federal minimum wage is starvation pay and must become a living wage."" @BernieSanders #Fightfor15",FALSE,"5"
"108","NorCalFF15",110,"Arrests begin at McDonalds. Workers standing firm for justice. #FightFor15 https://t.co/piSPN0m4VV",FALSE,"6"
"109","UR_Ninja",109,"NEW: 21 people in #Minneapolis were arrested before the sun came up as part of the nationwide #Fightfor15. Watch &gt;‚Ä¶ https://t.co/6AAv3eZ2if",FALSE,"6"
"110","Fightfor15LA",109,"LA is officially ON STRIKE. We won $15 by acting like a union, and we will continue winning because we won't back d‚Ä¶ https://t.co/zimgrP9QEx",FALSE,"6"
"111","fightfor15",108,"We aren't finished. Hundreds of #FightFor15 workers are risking arrest tonight. Ì†ΩÌ±èWEÌ†ΩÌ±èWON'TÌ†ΩÌ±èBACKÌ†ΩÌ±èDOWNÌ†ΩÌ±è  #FightFor15 https://t.co/BXFZoGmjI6",FALSE,"6"
"112","fightfor15texas",108,"7 people arrested in #HoustonTx during today's #Fightfor15 rally. YES! We're willing to risk arrest for a better fu‚Ä¶ https://t.co/TQoeGUGQAc",FALSE,"6"
"113","ScottPresler",107,"Well-played democrats, your #Fightfor15 just lost us thousands of jobs across USA.

Workers replaced with machines.
https://t.co/vofQLVRUU5",FALSE,"5"
"114","ChrisJZullo",107,"Modern Unions are vital protection for American worker rights, wages and protections against Wall Street fueled corporate greed #FightFor15",FALSE,"5"
"115","pragmactivist",107,"#Fightfor15 haters: You‚Äôre being screwed, but not by gays, POCs,&amp; workers trying to feed families. Get mad at a Cor‚Ä¶ https://t.co/2pHbZe6Ka0",FALSE,"5"
"116","fightfor15",107,"Breaking: Uber Drivers Are Joining Nationwide #FightFor15 Protests on Tuesday https://t.co/mC1eS3BDQe https://t.co/AI1C1lCBae",FALSE,"6"
"117","LUCHA_AZ",106,"BREAKING: AZ Fast Food Workers in Strike for $15 and Right to a Union! #fightfor15 https://t.co/PaTfJs3uJo",FALSE,"1"
"118","GoodAirports",106,"Amazing! ATL #airportworkers and fast food workers dancing in the rain! I BELIEVE THAT WE WILL WIN!‚Ä¶ https://t.co/9W4OlQ9tE0",FALSE,"6"
"119","fightfor15",105,"Tomorrow, we lay it all on the line. #FightFor15 workers in 340 cities will strike and commit civil disobedience‚Ä¶ https://t.co/gcUaRPGmlV",FALSE,"6"
"120","FastFoodForward",103,"We've filled Broadway in downtown Manhattan! We won't be divided. We won't back down! #Fightfor15 https://t.co/5Fpdcjc80X",FALSE,"6"
"121","democracynow",101,"Tens of Thousands #Fightfor15 on National Day of Disruption https://t.co/RC04bjls3W https://t.co/JrORZj6xJB",FALSE,"3"
"122","democracynow",99,"Protests in 340 Cities Demand $15-an-Hour Minimum Wage #Fightfor15 https://t.co/zALgYoyLFW https://t.co/zdPnodNTFj",FALSE,"3"
"123","masseydaniel",98,"83-year old McDoanld's worker Jose Carillo on his 12th strike gets arrested #Fightfor15 https://t.co/ExvgzmNoqE",FALSE,"4"
"124","Fightfor15LA",98,"CA is proof that when we strike we win. Join the #FightFor15 Nat'l Day of Disruption to declare you won't back down‚Ä¶ https://t.co/B7fwBom79O",FALSE,"6"
"125","scrowder",97,"Dear burger-flipping #SJWs, take this and call me in the morning. #Fightfor15.  #LwC &gt;&gt; https://t.co/v7vfGoBgg4 https://t.co/FfUzhBdHwy",FALSE,"5"
"126","JCL_VT",97,"Streets shut down; banner drops; faculty, fast food and homecare workers in the #FightFor15 taking arrest. It's bar‚Ä¶ https://t.co/xrpE7jf2As",FALSE,"5"
"127","TheMarkRomano",96,"Hey, let's make economic policy based on the demands of the least-educated, least-skilled among us!
#Fightfor15",FALSE,"5"
"128","iGOPguy",93,"Liberals refuse to realize that it's the large corporations that want a $15 wage. 

Small business will be erased by #Fightfor15.",FALSE,NA
"129","fightfor15",93,"Organized mass strikes, protests take place across country https://t.co/lq9VgFp9ZE via @itsa_talia #FightFor15",FALSE,"6"
"130","USProgressives",91,"Workers all over the country are marching for $15/hour and union rights. CPC stands with them as they demand econom‚Ä¶ https://t.co/LrSP88Z9Qh",FALSE,NA
"131","Show_Me15",91,"Rise and shine! Memphis is ON STRIKE for $15 &amp; union rights! #FightFor15 https://t.co/waV1sEb3ir",FALSE,"6"
"132","FightFor15FL",91,"On Tuesday Nov. 29, workers nationwide are turning up for a Better Life. We Won't Back Down. 

Text FOLLOW to 64336‚Ä¶ https://t.co/8OUmM4CExA",FALSE,"6"
"133","chifightfor15",90,"Some of us are raising families and trying going to school, but it's impossible on minimum wage. That's why on Nov‚Ä¶ https://t.co/eF6hFhkW33",FALSE,"6"
"134","JacquesLoveall",89,"If the #MinimumWage had

kept up with Economic Growth,

it would be $18.85 today.

#Fightfor15 #1u #UFCW8‚Ä¶ https://t.co/pYvRKxdws4",FALSE,"5"
"135","LeahRBoss",88,"The #Fightfor15 folks are all for letting illegal immigrants in too. 

Pssssst. Who do you think will work happily for less pay?",FALSE,"5"
"136","Show_Me15",88,"Why Ebony will strike 11/29: ""I can't raise my son on $7.65. It shouldn't be a struggle to pay bills &amp; put food on‚Ä¶ https://t.co/wx7CU46rfc",FALSE,"6"
"137","JimmyPrinceton",87,"Oh the irony. This doesn't even pay $15 an hour. And you have to be based in NY or DC. #Fightfor15 https://t.co/4Cs0sJ8ZHa",FALSE,"5"
"138","pslweb",87,"In how many states can a single person afford a one-bedroom apartment working full-time at minimum wage? ZERO.‚Ä¶ https://t.co/nyIkjRZo0p",FALSE,NA
"139","RaiseUpfor15",86,"On the shoulders of giants in Durham, NC today as we risk harm for freedom. The labor movement is alive and kicking‚Ä¶ https://t.co/1kx0NDfYCx",FALSE,"6"
"140","standup_kc",86,"This is what democracy looks like in Kansas city! #Fightfor15 https://t.co/7gmY1isOfz",FALSE,"6"
"141","TheNewDeal",86,"As unions decline, the middle class and wages follow.

This isn't a coincidence, it's the plan.

#Capitalism
#FightFor15",FALSE,"5"
"142","TheNewDeal",86,"It's not that people don't want to work. They want something to work for. It's demoralizing to work &amp; still live in poverty

#FightFor15",FALSE,"5"
"143","Marc_Perrone",86,"Join Us!

We stand with #FightFor15 &amp;

#PovertyDoesntFly Workers

who are #Striking Today for

#FairWages &amp; a Bette‚Ä¶ https://t.co/2yff8pMZJF",FALSE,"1"
"144","LibsNoFun",85,"Why not $50? #Fightfor15 https://t.co/FUCYWTz2Rc",FALSE,"5"
"145","UR_Ninja",83,"Fast Food Workers Strike for $15/Hr in #Minneapolis &amp; 21 People Arrested for Blocking Intersection - #FightFor15 https://t.co/HuEiK4vuAl",FALSE,"6"
"146","TheMarkRomano",83,"Instead of acquiring skills to make her more valuable to employers, this genius wants to keep getting arrested for‚Ä¶ https://t.co/kbjWLnyJTI",FALSE,"5"
"147","fightfor15",82,"Breaking: @RevDrBarber arrested with #FightFor15 leaders as Durham police bring out the riot batons #FightFor15‚Ä¶ https://t.co/s2VF4IkWkg",FALSE,"6"
"148","emrutherford90",82,"The whole #Fightfor15 movement is based on laziness and entitlement.  
Get educated, work hard, and #Earn15 instead!!",FALSE,"4"
"149","RoseAnnDeMoro",82,"11/29: Airport &amp; fast food workers are going on strike, protests in 340+ cities. Join the #Fightfor15:‚Ä¶ https://t.co/51lPds0Hi7",FALSE,"5"
"150","syashingo",80,"ÈÄ£ÂêàÁ≥ª„ÇÑÂÖ®Âä¥ÈÄ£Á≥ª„Å™„Å©Êßò„ÄÖ„Å™Âä¥ÂÉçÁµÑÂêà„Åã„Çâ„ÇÇÂèÇÂä†„Åó„Å¶„Åæ„Åô
#fightfor15 00 #ÊúÄ‰ΩéË≥ÉÈáë‰∏ä„Åí„Çç 
#ÊúÄ‰ΩéË≥ÉÈáë„Çí1500ÂÜÜ„Å´ #ÊúÄ‰ΩéË≥ÉÈáë1500ÂÜÜ„Å´„Å™„Å£„Åü„Çâ https://t.co/NVPlPXS5Tq",FALSE,"1"
"151","pragmactivist",80,"TODAY: Strikes erupt in HUNDREDS of cities as #Fightfor15 workers demand a living wage. Here are some highlights fr‚Ä¶ https://t.co/7rb30RyIFS",FALSE,"5"
"152","zachhaller",79,"If min wage kept up w growth, it'd be $18.85 today

That's how bad 1% is looting working ppl. We must #Fightfor15 

https://t.co/dqHaJtFBBt",FALSE,"5"
"153","RaiseUpfor15",78,"""We do this for our ancestors. We do this for all who came before us. For all who died fighting for freedom"" Durham‚Ä¶ https://t.co/1I3EIoHZIY",FALSE,"6"
"154","GatorsEite23",77,"Pics via @Tomaskenn. Today Ft Lauderdale airport workers fighting for a $15/hr living wage &amp; a union. #FightFor15‚Ä¶ https://t.co/bLAZ7UwLku",FALSE,"4"
"155","UAW",77,"Hundreds of #FightFor15 protesters have been ARRESTED. They're striking, protesting, saying it loud: We. Won‚Äôt. Bac‚Ä¶ https://t.co/TIcMQV85eX",FALSE,"1"
"156","chifightfor15",77,"BREAKING: striking workers &amp; clergy take intersection. #FightFor15 https://t.co/MpBbWG7HUq",FALSE,"6"
"157","fightfor15",76,"Unemployment hits lowest point since 2007 but 43% of workers are making less than $15/hour. That's a crisis. #Fightfor15 #JobsReport",FALSE,"6"
"158","standup_kc",76,"Happening now: Fast food workers have SHUT DOWN the intersection of Meyer Blvd &amp; Troost. We‚Äôre not going anywhere u‚Ä¶ https://t.co/nQXLTuz18Y",FALSE,"6"
"159","DemSocialists",76,"We #FightFor15 and a union because every worker deserves better than starvation wages. https://t.co/tFmNlRlurY",FALSE,"1"
"160","fightfor15",76,"Happening: FB Live special broadcast https://t.co/WYMKqIQxC9  ""#FightFor15:Why We Strike"". Bring your ?'s about 11/‚Ä¶ https://t.co/yUba9vm37C",FALSE,"6"
"161","acbowen",75,"People laying on the ground to protest police shootings of people of color. #fightfor15 https://t.co/shOAy6ZcH0",FALSE,"4"
"162","fightfor15texas",74,"There's a Popeye's in Austin committing Wage Theft against their workers. Today the workers said enough is enough.‚Ä¶ https://t.co/NdTr48j3JI",FALSE,"6"
"163","MaxineWaters",74,"Fair wages &amp; union rights are the bedrock of the middle class. I stand with working families today! #povertydoesntfly #fightfor15",FALSE,NA
"164","PCsBeard",74,"Attention #Fightfor15  : 

I suggest you back off on this one. https://t.co/DZoO2UHymp",FALSE,"4"
"165","RaiseUpfor15",73,"Workers and @RevDrBarber are blocking traffic in Durham, NC because we deserve more and power concedes nothing with‚Ä¶ https://t.co/nHj1lnx3t4",FALSE,"6"
"166","ms_erika74",73,"Minimum wage jobs are starter jobs, not a career to raise your 7 children on.  #Fightfor15 is BS. Aquire skills, work hard, better yourself.",FALSE,"4"
"167","Fightfor15LA",72,"BREAKING: Hundreds of workers have shut down DTLA. We won't back down from our demands,regardless of corporations o‚Ä¶ https://t.co/YKG5fRd4AT",FALSE,"6"
"168","LORdelosreyes",71,"So many problems with this. Jose shouldn't be working at 83. Strikers shouldn't be arrested. Min wage - where to st‚Ä¶ https://t.co/0oyIBoTgfz",FALSE,NA
"169","RaiseUpfor15",71,"Tonight we showed the city of Birmingham belongs to the workers  #Fightfor15 https://t.co/Q5fxR6wKHO",FALSE,"6"
"170","mohammadshaikh_",71,"#Fightfor15 top Most #Influential #Muslims
#Nation of #Islam #Lead by #MohammadShaikh
#WhatQuranSaysAbout‚Ä¶ https://t.co/rnkb0V5gZc",FALSE,NA
"171","RaiseUpfor15",70,"Low wage workers and community supporters in the street to #Fightfor15 tonight in RVA https://t.co/fI8MHRGh7Q",FALSE,"6"
"172","FightFor15FL",69,"Sometimes you have to grind the gears of the machine and say enough is enough. Yesterday was that day. #FightFor15‚Ä¶ https://t.co/2uRIak3DId",FALSE,"6"
"173","UR_Ninja",69,"Before her arrest: ‚Äúa lot of low-wage workers out here...standing together to fight for workers rights‚Äù‚Ä¶ https://t.co/o2kUI5e61j",FALSE,"6"
"174","Demos_Org",69,"There are many assumptions about what min. wage workers look like. Most of them are wrong, which is why the‚Ä¶ https://t.co/VPEeVldkq5",FALSE,"1"
"175","CommsUnited",69,"BREAKING: SEVERAL HUNDREDS IN THE #Fightfor15 ACTION ON CHICAGO &amp; DAMEN! @chifightfor15 @icirr @ChiHomeless‚Ä¶ https://t.co/bM8cD5lHKU",FALSE,"1"
"176","fightfor15mass",69,"Dozens of workers and elected officials are being arrested in Cambridge. #Fightfor15 https://t.co/Xm6pWzjEkQ",FALSE,"6"
"177","Show_Me15",68,"Ms Bettie has worked for McDs for 8 yrs and still can't pay all the bills- that's why she's a leader in the‚Ä¶ https://t.co/OO5xzZkS8P",FALSE,"6"
"178","Show_Me15",68,"""We work, we sweat, put $15 on our checks!"" The #Fightfor15 isn't backing down from our mission! https://t.co/PAkWALf2QR",FALSE,"6"
"179","jacobinmag",67,"Solidarity with striking workers, from Miami to New York to Minneapolis. #Fightfor15 (via @Tomaskenn, @FightFor15,‚Ä¶ https://t.co/J7hZDPJHyF",FALSE,NA
"180","chifightfor15",67,"Now at United terminal because we know the big airlines can afford to pay living wages #Fightfor15 #povertydoesntfly https://t.co/MiOKi8Xo98",FALSE,"6"
"181","RaiseUpfor15",67,"Charleston SC is ON STRIKE because we can't survive on $7.25! #Fightfor15 https://t.co/3VW0xAhk0u",FALSE,"6"
"182","fightfor15",66,"Must Watch: Today in Chicago | Strikes. Arrests. From O'hare airport to McDonald's we won't back down.‚Ä¶ https://t.co/pFGjUIv3oY",FALSE,"6"
"183","EconomicPolicy",66,"When retailers pay unlivable wages, American taxpayers make up the difference. #Fightfor15 https://t.co/sgQMvnaC2i https://t.co/m3UKAqq8TE",FALSE,"1"
"184","32BJSEIU",65,"Happening NOW: #Fightfor15 protesters as far as the eye can see march to @dcairports #povertydoesntfly https://t.co/eL7oTolIE8",FALSE,"1"
"185","UR_Ninja",65,"NEW: 21 Arrested as Fast Food Workers Strike for $15/Hr in #Minneapolis - Read Full Report &gt;‚Ä¶ https://t.co/IKOLlRySmO",FALSE,"6"
"186","MCorreaKHOU",65,"HAPPENING NOW:: protestors sitting on 610 frontage/ Beechnut @houstonpolice removing them as they #Fightfor15‚Ä¶ https://t.co/woWicXrJY5",FALSE,NA
"187","fightfor15",64,"We appreciate all of you who stood with us yesterday. Please sen kind thoughts to our #FightFor15 fam that are still in jail today.",FALSE,"6"
"188","MoveOn",64,"#Fightfor15 https://t.co/UwzbzdjS06",FALSE,"1"
"189","somethingldsay",64,"If you identify as a ""second-generation fast-food worker"", PLEASE, break the cycle, don't have kids. ‚ùåÌ†ΩÌ≤≤‚ùå
#Fightfor15
https://t.co/UygWIptbUq",FALSE,NA
"190","MikePrysner",64,"I was working 2 full-time jobs in LA &amp; still qualified for food stamps &amp; housing assistance. Shameful min wage laws. Stand with #FightFor15!",FALSE,NA
"191","Shelly_Ruzicka",64,"It's goin down! fast food workers on #strike at McDonalds! Chicago action happening Mow at Damen &amp; Chicago‚Ä¶ https://t.co/2EvAHoPyAx",FALSE,NA
"192","fightfor15",64,"BREAKING: Logan International Airport workers will join the strike TOMORROW with the #FightFor15‚Ä¶ https://t.co/p2Rn0SE38q",FALSE,"6"
"193","Show_Me15",63,"The fast food industry makes enough to pay employees living wages. RT if you think it should pay better. #FightFor15 https://t.co/i3IWbq9YdI",FALSE,"6"
"194","MoveOn",63,"BREAKING: @RevDrBarber arrested in the #Fightfor15. #Unions #15 https://t.co/wheDm2B9NL",FALSE,"1"
"195","chifightfor15",62,"We're going on strike on Nov 29 because we shouldn't be living in poverty. #FightFor15 https://t.co/FPTfFALdmD",FALSE,"6"
"196","smugjitsu",61,"#BlackLivesMatter enough to make your bio look nice but not enough to warrant a living wage. Ok. #Fightfor15",FALSE,NA
"197","NBCNews",61,"25 arrested in NYC #Fightfor15 protest https://t.co/G6JbJJ4h96 via @NBCNewYork https://t.co/4iDYniYDM2",FALSE,"3"
"198","fightfor15",61,"Airport workers at major U.S. hubs to join #FightFor15 protests Tuesday. Chicago and Boston to STRIKE.‚Ä¶ https://t.co/JZt2uGP745",FALSE,"6"
"199","fightfor15texas",61,"Tomorrow we are standing up and fighting for a better future in Austin and across the nation.
#Fightfor15 https://t.co/KxjBeVHbHo",FALSE,"6"
"200","chifightfor15",60,"""$15 is a good starting point, but we deserve more""-Marcus, hospital worker #Fightfor15 https://t.co/64qlbIHBQ6",FALSE,"6"
